week_index,cases
1,1
2,4
3,13
4,8
5,8
6,29
7,22
8,22
9,65
10,38
11,66
12,48
13,7
14,25
15,41
16,17
17,24
18,18
19,10
20,12
21,29
22,7
23,18
24,15
25,22
26,16
27,22
28,1
29,40
30,16
31,17
32,13
33,11
34,13
35,14
36,31
37,31
38,38
39,42
40,29
41,27
42,38
43,19
44,12
45,7
46,12
47,9
48,3
49,10
50,6
51,5
52,1
53,0
54,2
55,5
56,8
57,4
58,3
59,9
60,13
61,6
62,3
63,5
64,9
65,7
66,2
67,3
68,8
69,14
70,7
71,14
72,11
73,10
74,22
75,25
76,21
77,18
78,10
79,24
80,20
81,22
82,18
83,14
84,15
85,17
86,19
87,24
88,13
89,11
90,13
91,12
92,14
93,17
94,20
95,29
96,29
97,21
98,16
99,12
100,5
101,4
102,2
103,1
104,0
105,0
106,2
107,2
108,0
109,1
110,3
111,2
112,2
113,3
114,6
115,6
116,4
117,4
118,5
119,7
120,3
121,10
122,6
123,7
124,20
125,10
126,16
127,26
128,36
129,64
130,19
131,38
132,29
133,21
134,39
135,27
136,21
137,34
138,42
139,58
140,87
141,77
142,126
143,125
144,155
145,177
146,165
147,143
148,89
149,106
150,111
151,70
152,48
153,49
154,16
155,15
156,3
157,0
158,1
159,13
160,18
161,22
162,16
163,19
164,26
165,12
166,6
167,10
168,13
169,22
170,14
171,11
172,7
173,13
174,14
175,16
176,26
177,33
178,42
179,37
180,32
181,81
182,66
183,55
184,104
185,63
186,96
187,130
188,131
189,152
190,266
191,367
192,269
193,446
194,302
195,403
196,523
197,599
198,775
199,701
200,723
201,789
202,678
203,328
204,283
205,257
206,177
207,197
208,43
209,12
210,39
211,97
212,61
213,63
214,35
215,39
216,38
217,39
218,32
219,31
220,28
221,22
222,25
223,19
224,18
225,48
226,43
227,57
228,65
229,46
230,78
231,83
232,80
233,62
234,103
235,122
236,127
237,155
238,114
239,128
240,129
241,143
242,205
243,156
244,231
245,319
246,330
247,394
248,426
249,415
250,346
251,425
252,370
253,212
254,331
255,143
256,121
257,124
258,52
259,23
260,27
261,6
262,9
263,5
264,7
265,10
266,8
267,11
268,8
269,4
270,7
271,9
272,11
273,5
274,5
275,8
276,10
277,6
278,6
279,6
280,4
281,6
282,16
283,12
284,33
285,39
286,25
287,42
288,36
289,23
290,44
291,36
292,32
293,17
294,36
295,41
296,13
297,34
298,16
299,15
300,31
301,13
302,15
303,24
304,17
305,18
306,6
307,9
308,4
309,6
310,2
311,7
312,2
313,0
314,2
315,0
316,0
317,0
318,3
319,2
320,3
321,2
322,3
323,5
324,12
325,8
326,7
327,12
328,5
329,8
330,13
331,10
332,5
333,24
334,17
335,17
336,15
337,10
338,19
339,15
340,12
341,7
342,8
343,14
344,3
345,1
346,4
347,5
348,7
349,5
350,4
351,13
352,17
353,14
354,12
355,13
356,7
357,8
358,17
359,4
360,9
361,12
362,13
363,6
364,0
365,0
366,1
367,2
368,2
369,5
370,8
371,6
372,7
373,6
374,14
375,8
376,13
377,6
378,9
379,16
380,7
381,13
382,23
383,2
384,21
385,14
386,29
387,24
388,48
389,87
390,117
391,94
392,63
393,39
394,49
395,45
396,35
397,26
398,35
399,75
400,101
401,123
402,100
403,115
404,131
405,116
406,134
407,129
408,122
409,75
410,70
411,119
412,69
413,46
414,55
415,22
416,17
417,8
418,7
419,14
420,35
421,9
422,30
423,22
424,20
425,21
426,20
427,40
428,44
429,37
430,27
431,63
432,64
433,75
434,85
435,75
436,95
437,107
438,117
439,141
440,137
441,123
442,121
443,94
444,86
445,147
446,195
447,229
448,249
449,348
450,464
451,539
452,520
453,559
454,576
455,540
456,612
457,345
458,568
459,544
460,457
461,273
462,332
463,357
464,317
465,353
466,234
467,140
468,162
469,80
470,25
471,67
472,66
473,39
474,37
475,37
476,59
477,31
478,38
479,45
480,35
481,24
482,37
483,39
484,44
485,14
486,37
487,36
488,34
489,39
490,42
491,42
492,47
493,41
494,39
495,50
496,58
497,69
498,85
499,76
500,92
501,113
502,147
503,99
504,143
505,143
506,102
507,74
508,81
509,62
510,103
511,63
512,68
513,60
514,66
515,49
516,23
517,22
518,28
519,14
520,21
521,5
522,7
523,11
524,10
525,9
526,8
527,13
528,7
529,14
530,13
531,10
532,8
533,10
534,4
535,8
536,15
537,22
538,9
